mesh_shape,mean_latency,std_latency,min_latency,max_latency,p90_latency,p99_latency
"(4, 1)",0.3235816955566406,0.6722021789387573,0.16164779663085938,3.253459930419922,0.1826286315917969,2.6720404624938925
"(2, 2)",0.1711726188659668,0.010395015871796726,0.164031982421875,0.20432472229003906,0.17869472503662112,0.20292043685913086
"(1, 4)",0.16962289810180664,0.005196472266959547,0.1628398895263672,0.18024444580078125,0.17690658569335938,0.18001794815063477
