mesh_shape,mean_latency,std_latency,min_latency,max_latency,p90_latency,p99_latency
"(4, 1)",13.420403003692627,11.390197802786737,10.796308517456055,63.06910514831543,10.831522941589355,53.14465761184685
"(2, 2)",13.435232639312744,11.417153631941884,10.79869270324707,63.2014274597168,10.836505889892578,53.25315237045281
"(1, 4)",13.427984714508057,11.426306851117522,10.796070098876953,63.23409080505371,10.82448959350586,53.276755809783864
