mesh_shape,mean_latency,std_latency,min_latency,max_latency,p90_latency,p99_latency
"(4, 1)",13.402807712554932,11.402709251303582,10.778427124023438,63.10606002807617,10.796380043029785,53.16775083541863
"(2, 2)",13.40874433517456,11.43706600975881,10.770320892333984,63.26174736022949,10.799288749694824,53.29489946365349
"(1, 4)",13.408863544464111,11.422105949274407,10.77580451965332,63.196659088134766,10.800790786743164,53.242177963256765
